<?xml version="1.0" encoding="UTF-8" standalone="yes"?>
<addon id="repository.f4m-kripton" name="f4m-KRIPTON" version="0.0.1" provider-name="luminart506">
    <extension point="xbmc.addon.repository" name="repository.f4m-kripton">
        <dir>
            <info compressed="false">https://raw.githubusercontent.com/luminart506/f4m-kripton/master/zips/addons.xml</info>
            <checksum>https://raw.githubusercontent.com/luminart506/f4m-kripton/master/zips/addons.xml.md5</checksum>
            <datadir zip="true">https://raw.githubusercontent.com/luminart506/f4m-kripton/master/zips/</datadir>
        </dir>
    </extension>
    <extension point="xbmc.addon.metadata">
        <summary>f4m-KRIPTON</summary>
        <description>INSTALAÇÃO VIA LINK</description>
        <disclaimer></disclaimer>
        <platform>all</platform>
        <assets>
            <icon>icon.png</icon>
            <fanart>fanart.jpg</fanart>
        </assets>
    </extension>
</addon>